"Title","Authors","Corporate Authors","Editors","Book Editors","Source Title","Publication Date","Publication Year","Volume","Issue","Part Number","Supplement","Special Issue","Beginning Page","Ending Page","Article Number","DOI","Conference Title","Conference Date","Total Citations","Average per Year","1945","1946","1947","1948","1949","1950","1951","1952","1953","1954","1955","1956","1957","1958","1959","1960","1961","1962","1963","1964","1965","1966","1967","1968","1969","1970","1971","1972","1973","1974","1975","1976","1977","1978","1979","1980","1981","1982","1983","1984","1985","1986","1987","1988","1989","1990","1991","1992","1993","1994","1995","1996","1997","1998","1999","2000","2001","2002","2003","2004","2005","2006","2007","2008","2009","2010","2011","2012","2013","2014","2015","2016"
"China's growing CO(2) emissions - A race between increasing consumption and efficiency gains","Peters, Glen P.; Weber, Christopher L.; Guan, Dabo; Hubacek, Klaus","","","","ENVIRONMENTAL SCIENCE & TECHNOLOGY","SEP 1 2007","2007","41","17","","","","5939","5944","","10.1021/es070108f","","","223","22.30","0","0","0","0","0","0","0","0","0","0","0","0","0","0","0","0","0","0","0","0","0","0","0","0","0","0","0","0","0","0","0","0","0","0","0","0","0","0","0","0","0","0","0","0","0","0","0","0","0","0","0","0","0","0","0","0","0","0","0","0","0","0","0","6","14","16","28","32","22","53","43","9"
"Developing country experience with eco-industrial parks: a case study of the Tianjin Economic-Technological Development Area in China","Shi, Han; Chertow, Marian; Song, Yuyan","","","","JOURNAL OF CLEANER PRODUCTION","FEB 2010","2010","18","3","","","","191","199","","10.1016/j.jclepro.2009.10.002","","","78","11.14","0","0","0","0","0","0","0","0","0","0","0","0","0","0","0","0","0","0","0","0","0","0","0","0","0","0","0","0","0","0","0","0","0","0","0","0","0","0","0","0","0","0","0","0","0","0","0","0","0","0","0","0","0","0","0","0","0","0","0","0","0","0","0","0","0","2","11","11","12","17","24","1"
"Organizing Self-Organizing Systems","Chertow, Marian; Ehrenfeld, John","","","","JOURNAL OF INDUSTRIAL ECOLOGY","FEB 2012","2012","16","1","","","","13","27","","10.1111/j.1530-9290.2011.00450.x","","","51","10.20","0","0","0","0","0","0","0","0","0","0","0","0","0","0","0","0","0","0","0","0","0","0","0","0","0","0","0","0","0","0","0","0","0","0","0","0","0","0","0","0","0","0","0","0","0","0","0","0","0","0","0","0","0","0","0","0","0","0","0","0","0","0","0","0","0","0","0","3","5","14","26","3"
"The dynamics of industrial symbiosis: a proposal for a conceptual framework based upon a comprehensive literature review","Boons, Frank; Spekkink, Wouter; Mouzakitis, Yannis","","","","JOURNAL OF CLEANER PRODUCTION","JUN-JUL 2011","2011","19","9-10","","","","905","911","","10.1016/j.jclepro.2011.01.003","","","48","8.00","0","0","0","0","0","0","0","0","0","0","0","0","0","0","0","0","0","0","0","0","0","0","0","0","0","0","0","0","0","0","0","0","0","0","0","0","0","0","0","0","0","0","0","0","0","0","0","0","0","0","0","0","0","0","0","0","0","0","0","0","0","0","0","0","0","0","1","7","6","15","19","0"
"Resource consumption of new urban construction in China","Fernandez, John E.","","","","JOURNAL OF INDUSTRIAL ECOLOGY","SPR 2007","2007","11","2","","","","99","115","","10.1162/jie.2007.1199","Conference on Urban Transformation and Reform for Sustainability","OCT, 2005","42","4.20","0","0","0","0","0","0","0","0","0","0","0","0","0","0","0","0","0","0","0","0","0","0","0","0","0","0","0","0","0","0","0","0","0","0","0","0","0","0","0","0","0","0","0","0","0","0","0","0","0","0","0","0","0","0","0","0","0","0","0","0","0","0","1","2","2","6","4","9","6","5","4","3"
"Implementing China's circular economy concept at the regional level: A review of progress in Dalian, China","Geng, Yong; Zhu, Qinghua; Doberstein, Brent; Fujita, Tsuyoshi","","","","WASTE MANAGEMENT","FEB 2009","2009","29","2","","","","996","1002","","10.1016/j.wasman.2008.06.036","5th Asian-Pacific Landfill Symposium","OCT 22-24, 2008","41","5.12","0","0","0","0","0","0","0","0","0","0","0","0","0","0","0","0","0","0","0","0","0","0","0","0","0","0","0","0","0","0","0","0","0","0","0","0","0","0","0","0","0","0","0","0","0","0","0","0","0","0","0","0","0","0","0","0","0","0","0","0","0","0","0","0","0","3","8","6","6","6","8","4"
"Evaluating green supply chain management among Chinese manufacturers from the ecological modernization perspective","Zhu, Qinghua; Geng, Yong; Sarkis, Joseph; Lai, Kee-hung","","","","TRANSPORTATION RESEARCH PART E-LOGISTICS AND TRANSPORTATION REVIEW","NOV 2011","2011","47","6","","","","808","821","","10.1016/j.tre.2010.09.013","","","38","6.33","0","0","0","0","0","0","0","0","0","0","0","0","0","0","0","0","0","0","0","0","0","0","0","0","0","0","0","0","0","0","0","0","0","0","0","0","0","0","0","0","0","0","0","0","0","0","0","0","0","0","0","0","0","0","0","0","0","0","0","0","0","0","0","0","0","0","0","2","11","6","15","4"
"Eco-industrial parks: national pilot practices in China","Zhang, Ling; Yuan, Zengwei; Bi, Jun; Zhang, Bing; Liu, Beibei","","","","JOURNAL OF CLEANER PRODUCTION","MAR 2010","2010","18","5","","","","504","509","","10.1016/j.jclepro.2009.11.018","","","38","5.43","0","0","0","0","0","0","0","0","0","0","0","0","0","0","0","0","0","0","0","0","0","0","0","0","0","0","0","0","0","0","0","0","0","0","0","0","0","0","0","0","0","0","0","0","0","0","0","0","0","0","0","0","0","0","0","0","0","0","0","0","0","0","0","0","0","1","6","5","4","10","11","1"
"Development pattern and enhancing system of automotive components remanufacturing industry in China","Zhang, Tongzhu; Chu, Jiangwei; Wang, Xueping; Liu, Xianghai; Cui, Pengfei","","","","RESOURCES CONSERVATION AND RECYCLING","APR 2011","2011","55","6","","","SI","613","622","","10.1016/j.resconrec.2010.09.015","","","36","6.00","0","0","0","0","0","0","0","0","0","0","0","0","0","0","0","0","0","0","0","0","0","0","0","0","0","0","0","0","0","0","0","0","0","0","0","0","0","0","0","0","0","0","0","0","0","0","0","0","0","0","0","0","0","0","0","0","0","0","0","0","0","0","0","0","0","0","1","2","4","14","14","1"
"Towards a national circular economy indicator system in China: an evaluation and critical analysis","Geng, Yong; Fu, Jia; Sarkis, Joseph; Xue, Bing","","","","JOURNAL OF CLEANER PRODUCTION","MAR 2012","2012","23","1","","","","216","224","","10.1016/j.jclepro.2011.07.005","","","31","6.20","0","0","0","0","0","0","0","0","0","0","0","0","0","0","0","0","0","0","0","0","0","0","0","0","0","0","0","0","0","0","0","0","0","0","0","0","0","0","0","0","0","0","0","0","0","0","0","0","0","0","0","0","0","0","0","0","0","0","0","0","0","0","0","0","0","0","0","2","7","7","14","1"
"Case study of industrial symbiosis: Nanning Sugar Co., Ltd. in China","Yang, Shanlin; Feng, Nanping","","","","RESOURCES CONSERVATION AND RECYCLING","MAR 2008","2008","52","5","","","","813","820","","10.1016/j.resconrec.2007.11.008","","","31","3.44","0","0","0","0","0","0","0","0","0","0","0","0","0","0","0","0","0","0","0","0","0","0","0","0","0","0","0","0","0","0","0","0","0","0","0","0","0","0","0","0","0","0","0","0","0","0","0","0","0","0","0","0","0","0","0","0","0","0","0","0","0","0","0","1","4","1","5","0","3","5","10","2"
"Ecological utilization of leather tannery waste with circular economy model","Hu, Jing; Xiao, Zuobing; Zhou, Rujun; Deng, Weijun; Wang, Mingxi; Ma, Shuangshuang","","","","JOURNAL OF CLEANER PRODUCTION","JAN-FEB 2011","2011","19","2-3","","","","221","228","","10.1016/j.jclepro.2010.09.018","","","30","5.00","0","0","0","0","0","0","0","0","0","0","0","0","0","0","0","0","0","0","0","0","0","0","0","0","0","0","0","0","0","0","0","0","0","0","0","0","0","0","0","0","0","0","0","0","0","0","0","0","0","0","0","0","0","0","0","0","0","0","0","0","0","0","0","0","0","0","1","2","5","7","9","6"
"Regional initiatives on promoting cleaner production in China: a case of Liaoning","Geng, Yong; Wang Xinbei; Zhu Qinghua; Zhao Hengxin","","","","JOURNAL OF CLEANER PRODUCTION","OCT 2010","2010","18","15","","","","1502","1508","","10.1016/j.jclepro.2010.06.028","","","29","4.14","0","0","0","0","0","0","0","0","0","0","0","0","0","0","0","0","0","0","0","0","0","0","0","0","0","0","0","0","0","0","0","0","0","0","0","0","0","0","0","0","0","0","0","0","0","0","0","0","0","0","0","0","0","0","0","0","0","0","0","0","0","0","0","0","0","0","2","1","11","5","10","0"
"Circular economy practices among Chinese manufacturers varying in environmental-oriented supply chain cooperation and the performance implications","Zhu, Qinghua; Geng, Yong; Lai, Kee-hung","","","","JOURNAL OF ENVIRONMENTAL MANAGEMENT","JUN 2010","2010","91","6","","","","1324","1331","","10.1016/j.jenvman.2010.02.013","","","29","4.14","0","0","0","0","0","0","0","0","0","0","0","0","0","0","0","0","0","0","0","0","0","0","0","0","0","0","0","0","0","0","0","0","0","0","0","0","0","0","0","0","0","0","0","0","0","0","0","0","0","0","0","0","0","0","0","0","0","0","0","0","0","0","0","0","0","1","5","6","4","8","3","2"
"Progress Toward a Circular Economy in China The Drivers (and Inhibitors) of Eco-industrial Initiative","Mathews, John A.; Tan, Hao","","","","JOURNAL OF INDUSTRIAL ECOLOGY","JUN 2011","2011","15","3","","","","435","457","","10.1111/j.1530-9290.2011.00332.x","","","27","4.50","0","0","0","0","0","0","0","0","0","0","0","0","0","0","0","0","0","0","0","0","0","0","0","0","0","0","0","0","0","0","0","0","0","0","0","0","0","0","0","0","0","0","0","0","0","0","0","0","0","0","0","0","0","0","0","0","0","0","0","0","0","0","0","0","0","0","0","4","3","8","10","2"
"China's recyclable resources recycling system and policy: A case study in Suzhou","Mo, Hongpin; Wen, Zongguo; Chen, Jining","","","","RESOURCES CONSERVATION AND RECYCLING","MAY 2009","2009","53","7","","","","409","419","","10.1016/j.resconrec.2009.03.002","","","27","3.38","0","0","0","0","0","0","0","0","0","0","0","0","0","0","0","0","0","0","0","0","0","0","0","0","0","0","0","0","0","0","0","0","0","0","0","0","0","0","0","0","0","0","0","0","0","0","0","0","0","0","0","0","0","0","0","0","0","0","0","0","0","0","0","0","0","3","4","6","3","4","7","0"
"Moving Toward the Circular Economy: The Role of Stocks in the Chinese Steel Cycle","Pauliuk, Stefan; Wang, Tao; Muller, Daniel B.","","","","ENVIRONMENTAL SCIENCE & TECHNOLOGY","JAN 3 2012","2012","46","1","","","","148","154","","10.1021/es201904c","","","26","5.20","0","0","0","0","0","0","0","0","0","0","0","0","0","0","0","0","0","0","0","0","0","0","0","0","0","0","0","0","0","0","0","0","0","0","0","0","0","0","0","0","0","0","0","0","0","0","0","0","0","0","0","0","0","0","0","0","0","0","0","0","0","0","0","0","0","0","0","3","7","8","7","1"
"Creating integrated business and environmental value within the context of China's circular economy and ecological modernization","Park, Jacob; Sarkis, Joseph; Wu, Zhaohui","","","","JOURNAL OF CLEANER PRODUCTION","OCT 2010","2010","18","15","","","","1494","1501","","10.1016/j.jclepro.2010.06.001","","","26","3.71","0","0","0","0","0","0","0","0","0","0","0","0","0","0","0","0","0","0","0","0","0","0","0","0","0","0","0","0","0","0","0","0","0","0","0","0","0","0","0","0","0","0","0","0","0","0","0","0","0","0","0","0","0","0","0","0","0","0","0","0","0","0","0","0","0","1","1","10","7","3","4","0"
"A survey and analysis on public awareness and performance for promoting circular economy in China: A case study from Tianjin","Liu, Qjan; Li, Hui-ming; Zuo, Xiao-li; Zhang, Fei-fei; Wang, Lei","","","","JOURNAL OF CLEANER PRODUCTION","2009","2009","17","2","","","","265","270","","10.1016/j.jclepro.2008.06.003","","","25","3.12","0","0","0","0","0","0","0","0","0","0","0","0","0","0","0","0","0","0","0","0","0","0","0","0","0","0","0","0","0","0","0","0","0","0","0","0","0","0","0","0","0","0","0","0","0","0","0","0","0","0","0","0","0","0","0","0","0","0","0","0","0","0","0","0","0","5","3","2","6","3","4","2"
"An economic instrument for zero waste, economic growth and sustainability","Greyson, James","","","","JOURNAL OF CLEANER PRODUCTION","2007","2007","15","13-14","","","","1382","1390","","10.1016/j.jclepro.2006.07.019","","","20","2.00","0","0","0","0","0","0","0","0","0","0","0","0","0","0","0","0","0","0","0","0","0","0","0","0","0","0","0","0","0","0","0","0","0","0","0","0","0","0","0","0","0","0","0","0","0","0","0","0","0","0","0","0","0","0","0","0","0","0","0","0","0","0","0","3","2","2","1","2","3","5","2","0"
"Survey of officials' awareness on circular economy development in China: Based on municipal and county level","Xue, Bing; Chen, Xing-peng; Geng, Yong; Guo, Xiao-jia; Lu, Cheng-peng; Zhang, Zi-long; Lu, Chen-yu","","","","RESOURCES CONSERVATION AND RECYCLING","OCT 2010","2010","54","12","","","","1296","1302","","10.1016/j.resconrec.2010.05.010","","","19","2.71","0","0","0","0","0","0","0","0","0","0","0","0","0","0","0","0","0","0","0","0","0","0","0","0","0","0","0","0","0","0","0","0","0","0","0","0","0","0","0","0","0","0","0","0","0","0","0","0","0","0","0","0","0","0","0","0","0","0","0","0","0","0","0","0","0","0","1","0","2","6","9","1"
"Environmental and economic gains of industrial symbiosis for Chinese iron/steel industry: Kawasaki's experience and practice in Liuzhou and Jinan","Dong, Liang; Zhang, Hui; Fujita, Tsuyoshi; Ohnishi, Satoshi; Li, Huiquan; Fujii, Minoru; Dong, Huijuan","","","","JOURNAL OF CLEANER PRODUCTION","NOV 15 2013","2013","59","","","","","226","238","","10.1016/j.jclepro.2013.06.048","","","17","4.25","0","0","0","0","0","0","0","0","0","0","0","0","0","0","0","0","0","0","0","0","0","0","0","0","0","0","0","0","0","0","0","0","0","0","0","0","0","0","0","0","0","0","0","0","0","0","0","0","0","0","0","0","0","0","0","0","0","0","0","0","0","0","0","0","0","0","0","0","0","7","10","0"
"Fatty acids production from hydrogen and carbon dioxide by mixed culture in the membrane biofilm reactor","Zhang, Fang; Ding, Jing; Zhang, Yan; Chen, Man; Ding, Zhao-Wei; van Loosdrecht, Mark C. M.; Zeng, Raymond J.","","","","WATER RESEARCH","OCT 15 2013","2013","47","16","","","","6122","6129","","10.1016/j.watres.2013.07.033","","","17","4.25","0","0","0","0","0","0","0","0","0","0","0","0","0","0","0","0","0","0","0","0","0","0","0","0","0","0","0","0","0","0","0","0","0","0","0","0","0","0","0","0","0","0","0","0","0","0","0","0","0","0","0","0","0","0","0","0","0","0","0","0","0","0","0","0","0","0","0","0","0","6","10","1"
"Methodological Aspects of Applying Life Cycle Assessment to Industrial Symbioses","Mattila, Tuomas; Lehtoranta, Suvi; Sokka, Laura; Melanen, Matti; Nissinen, Ari","","","","JOURNAL OF INDUSTRIAL ECOLOGY","FEB 2012","2012","16","1","","","","51","60","","10.1111/j.1530-9290.2011.00443.x","","","17","3.40","0","0","0","0","0","0","0","0","0","0","0","0","0","0","0","0","0","0","0","0","0","0","0","0","0","0","0","0","0","0","0","0","0","0","0","0","0","0","0","0","0","0","0","0","0","0","0","0","0","0","0","0","0","0","0","0","0","0","0","0","0","0","0","0","0","0","0","1","2","4","10","0"
"The Impact of Scale, Recycling Boundary, and Type of Waste on Symbiosis and Recycling","Chen, Xudong; Fujita, Tsuyoshi; Ohnishi, Satoshi; Fujii, Minoru; Geng, Yong","","","","JOURNAL OF INDUSTRIAL ECOLOGY","FEB 2012","2012","16","1","","","","129","141","","10.1111/j.1530-9290.2011.00422.x","","","16","3.20","0","0","0","0","0","0","0","0","0","0","0","0","0","0","0","0","0","0","0","0","0","0","0","0","0","0","0","0","0","0","0","0","0","0","0","0","0","0","0","0","0","0","0","0","0","0","0","0","0","0","0","0","0","0","0","0","0","0","0","0","0","0","0","0","0","0","0","4","1","5","5","1"
"Green chemistry and green engineering in China: drivers, policies and barriers to innovation","Matus, Kira J. M.; Xiao, Xin; Zimmerman, Julie B.","","","","JOURNAL OF CLEANER PRODUCTION","SEP 2012","2012","32","","","","","193","203","","10.1016/j.jclepro.2012.03.033","","","15","3.00","0","0","0","0","0","0","0","0","0","0","0","0","0","0","0","0","0","0","0","0","0","0","0","0","0","0","0","0","0","0","0","0","0","0","0","0","0","0","0","0","0","0","0","0","0","0","0","0","0","0","0","0","0","0","0","0","0","0","0","0","0","0","0","0","0","0","0","2","4","2","5","2"
"An analysis of E-waste flows in China","Veenstra, Albert; Wang, Cathy; Fan, Wenji; Ru, Yihong","","","","INTERNATIONAL JOURNAL OF ADVANCED MANUFACTURING TECHNOLOGY","MAR 2010","2010","47","5-8","","","SI","449","459","","10.1007/s00170-009-2356-5","","","15","2.14","0","0","0","0","0","0","0","0","0","0","0","0","0","0","0","0","0","0","0","0","0","0","0","0","0","0","0","0","0","0","0","0","0","0","0","0","0","0","0","0","0","0","0","0","0","0","0","0","0","0","0","0","0","0","0","0","0","0","0","0","0","0","0","0","0","0","0","7","2","2","3","1"
"Effectiveness of the policy of circular economy in China: A DEA-based analysis for the period of 11th five-year-plan","Wu, Hua-qing; Shi, Yan; Xia, Qiong; Zhu, Wei-dong","","","","RESOURCES CONSERVATION AND RECYCLING","FEB 2014","2014","83","","","","","163","175","","10.1016/j.resconrec.2013.10.003","","","12","4.00","0","0","0","0","0","0","0","0","0","0","0","0","0","0","0","0","0","0","0","0","0","0","0","0","0","0","0","0","0","0","0","0","0","0","0","0","0","0","0","0","0","0","0","0","0","0","0","0","0","0","0","0","0","0","0","0","0","0","0","0","0","0","0","0","0","0","0","0","0","3","7","2"
"Environmental Supply Chain Cooperation and Its Effect on the Circular Economy Practice-Performance Relationship Among Chinese Manufacturers","Zhu, Qinghua; Geng, Yong; Lai, Kee-hung","","","","JOURNAL OF INDUSTRIAL ECOLOGY","JUN 2011","2011","15","3","","","","405","419","","10.1111/j.1530-9290.2011.00329.x","","","12","2.00","0","0","0","0","0","0","0","0","0","0","0","0","0","0","0","0","0","0","0","0","0","0","0","0","0","0","0","0","0","0","0","0","0","0","0","0","0","0","0","0","0","0","0","0","0","0","0","0","0","0","0","0","0","0","0","0","0","0","0","0","0","0","0","0","0","0","0","3","2","4","2","1"
"Purification effect of polyculture of fish-mussel in pond, a mode of circular economy.","Chen Jia-zhang; He Yao-ping; Meng Shun-long; Hu Geng-dong; Qu Jian-hong; Fan Li-min","","","","Journal of Ecology and Rural Environment","APR 25 2007","2007","23","2","","","","41","46","","","","","12","1.20","0","0","0","0","0","0","0","0","0","0","0","0","0","0","0","0","0","0","0","0","0","0","0","0","0","0","0","0","0","0","0","0","0","0","0","0","0","0","0","0","0","0","0","0","0","0","0","0","0","0","0","0","0","0","0","0","0","0","0","0","0","0","0","1","1","1","2","5","0","2","0","0"
"Understanding the Evolution of Industrial Symbiosis Research A Bibliometric and Network Analysis (1997-2012)","Yu, Chang; Davis, Chris; Dijkema, Gerard P. J.","","","","JOURNAL OF INDUSTRIAL ECOLOGY","APR 2014","2014","18","2","","","","280","293","","10.1111/jiec.12073","","","10","3.33","0","0","0","0","0","0","0","0","0","0","0","0","0","0","0","0","0","0","0","0","0","0","0","0","0","0","0","0","0","0","0","0","0","0","0","0","0","0","0","0","0","0","0","0","0","0","0","0","0","0","0","0","0","0","0","0","0","0","0","0","0","0","0","0","0","0","0","0","0","1","8","1"
"Disclosure of Corporate Social Responsibility and Environmental Management: Evidence from China","Kuo, Lopin; Yeh, Chin-Chen; Yu, Hui-Cheng","","","","CORPORATE SOCIAL RESPONSIBILITY AND ENVIRONMENTAL MANAGEMENT","SEP-OCT 2012","2012","19","5","","","","273","287","","10.1002/csr.274","","","10","2.00","0","0","0","0","0","0","0","0","0","0","0","0","0","0","0","0","0","0","0","0","0","0","0","0","0","0","0","0","0","0","0","0","0","0","0","0","0","0","0","0","0","0","0","0","0","0","0","0","0","0","0","0","0","0","0","0","0","0","0","0","0","0","0","0","0","0","0","0","0","1","9","0"
"Measuring the sustainability of policy scenarios: Emergy-based strategic environmental assessment of the Chinese paper industry","Ren, Jing-Ming; Zhang, Lei; Wang, Ru-song","","","","ECOLOGICAL COMPLEXITY","JUN 2010","2010","7","2","","","SI","156","161","","10.1016/j.ecocom.2010.04.004","","","10","1.43","0","0","0","0","0","0","0","0","0","0","0","0","0","0","0","0","0","0","0","0","0","0","0","0","0","0","0","0","0","0","0","0","0","0","0","0","0","0","0","0","0","0","0","0","0","0","0","0","0","0","0","0","0","0","0","0","0","0","0","0","0","0","0","0","0","0","2","2","2","2","1","1"
"Naturalizing capitalism: The next Great Transformation","Mathews, John A.","","","","FUTURES","OCT 2011","2011","43","8","","","SI","868","879","","10.1016/j.futures.2011.06.011","","","9","1.50","0","0","0","0","0","0","0","0","0","0","0","0","0","0","0","0","0","0","0","0","0","0","0","0","0","0","0","0","0","0","0","0","0","0","0","0","0","0","0","0","0","0","0","0","0","0","0","0","0","0","0","0","0","0","0","0","0","0","0","0","0","0","0","0","0","0","0","2","2","4","1","0"
"Mode of circular economy in China's iron and steel industry: a case study in Wu'an city","Ma, Shu-hua; Wen, Zong-guo; Chen, Ji-ning; Wen, Zhi-chao","","","","JOURNAL OF CLEANER PRODUCTION","FEB 1 2014","2014","64","","","","","505","512","","10.1016/j.jclepro.2013.10.008","","","8","2.67","0","0","0","0","0","0","0","0","0","0","0","0","0","0","0","0","0","0","0","0","0","0","0","0","0","0","0","0","0","0","0","0","0","0","0","0","0","0","0","0","0","0","0","0","0","0","0","0","0","0","0","0","0","0","0","0","0","0","0","0","0","0","0","0","0","0","0","0","0","1","4","3"
"Evaluation of circular economy development in industrial park based on eco-efficiency theory and TOPSIS approach.","Wu Xiao-qing; Wang Yuan; Liu Ning; Gao Qian; Lu Gen-fa","","","","Shengtaixue Zazhi","DEC 2008","2008","27","12","","","","2203","2208","","","","","8","0.89","0","0","0","0","0","0","0","0","0","0","0","0","0","0","0","0","0","0","0","0","0","0","0","0","0","0","0","0","0","0","0","0","0","0","0","0","0","0","0","0","0","0","0","0","0","0","0","0","0","0","0","0","0","0","0","0","0","0","0","0","0","0","0","0","0","0","2","1","1","3","1","0"
"Constructivism scenario evolutionary analysis of zero emission regional planning: A case of Qaidam Circular Economy Pilot Area in China","Liu, Dehai; Li, Hongyi; Wang, Weiguo; Dong, Yucheng","","","","INTERNATIONAL JOURNAL OF PRODUCTION ECONOMICS","NOV 2012","2012","140","1","","","","341","356","","10.1016/j.ijpe.2011.04.008","","","7","1.40","0","0","0","0","0","0","0","0","0","0","0","0","0","0","0","0","0","0","0","0","0","0","0","0","0","0","0","0","0","0","0","0","0","0","0","0","0","0","0","0","0","0","0","0","0","0","0","0","0","0","0","0","0","0","0","0","0","0","0","0","0","0","0","0","0","0","0","0","1","4","2","0"
"Education for regional sustainable development: experiences from the education framework of HHCEPZ project","Gao, CZ; Hou, HH; Zhang, JM; Zhang, HJ; Gong, WJ","","","","JOURNAL OF CLEANER PRODUCTION","2006","2006","14","9-11","","","SI","994","1002","","10.1016/j.jclepro.2005.11.043","","","7","0.64","0","0","0","0","0","0","0","0","0","0","0","0","0","0","0","0","0","0","0","0","0","0","0","0","0","0","0","0","0","0","0","0","0","0","0","0","0","0","0","0","0","0","0","0","0","0","0","0","0","0","0","0","0","0","0","0","0","0","0","0","0","0","0","1","1","1","0","1","2","0","1","0"
"Calculation for Mineral Phases in the Calcination of Desulfurization Residue to Produce Sulfoaluminate Cement","Wang, Wenlong; Wang, Peng; Ma, Chunyuan; Luo, Zhongyang","","","","INDUSTRIAL & ENGINEERING CHEMISTRY RESEARCH","OCT 6 2010","2010","49","19","","","","9504","9510","","10.1021/ie101228h","","","6","0.86","0","0","0","0","0","0","0","0","0","0","0","0","0","0","0","0","0","0","0","0","0","0","0","0","0","0","0","0","0","0","0","0","0","0","0","0","0","0","0","0","0","0","0","0","0","0","0","0","0","0","0","0","0","0","0","0","0","0","0","0","0","0","0","0","0","0","3","0","1","0","2","0"
"Environmental consequences of recycling aluminum old scrap in a global market","Sevigne-Itoiz, Eva; Gasol, Caries M.; Rieradevall, Joan; Gabarrell, Xavier","","","","RESOURCES CONSERVATION AND RECYCLING","AUG 2014","2014","89","","","","","94","103","","10.1016/j.resconrec.2014.05.002","","","5","1.67","0","0","0","0","0","0","0","0","0","0","0","0","0","0","0","0","0","0","0","0","0","0","0","0","0","0","0","0","0","0","0","0","0","0","0","0","0","0","0","0","0","0","0","0","0","0","0","0","0","0","0","0","0","0","0","0","0","0","0","0","0","0","0","0","0","0","0","0","0","0","5","0"
"Products that go round: exploring product life extension through design","Bakker, Conny; Wang, Feng; Huisman, Jaco; den Hollander, Marcel","","","","JOURNAL OF CLEANER PRODUCTION","APR 15 2014","2014","69","","","","","10","16","","10.1016/j.jclepro.2014.01.028","","","5","1.67","0","0","0","0","0","0","0","0","0","0","0","0","0","0","0","0","0","0","0","0","0","0","0","0","0","0","0","0","0","0","0","0","0","0","0","0","0","0","0","0","0","0","0","0","0","0","0","0","0","0","0","0","0","0","0","0","0","0","0","0","0","0","0","0","0","0","0","0","0","0","3","2"
"Process analysis of eco-industrial park development - the case of Tianjin, China","Yu, Chang; de Jong, Martin; Dijkema, Gerard P. J.","","","","JOURNAL OF CLEANER PRODUCTION","FEB 1 2014","2014","64","","","","","464","477","","10.1016/j.jclepro.2013.09.002","","","5","1.67","0","0","0","0","0","0","0","0","0","0","0","0","0","0","0","0","0","0","0","0","0","0","0","0","0","0","0","0","0","0","0","0","0","0","0","0","0","0","0","0","0","0","0","0","0","0","0","0","0","0","0","0","0","0","0","0","0","0","0","0","0","0","0","0","0","0","0","0","0","0","5","0"
"Integrated Evaluation of Circular Agriculture System: a Life Cycle Perspective","Liang Long; Chen Yuan-quan; Gao Wang-sheng","","","","Huanjing Kexue","NOV 15 2010","2010","31","11","","","","2795","2803","","","","","5","0.71","0","0","0","0","0","0","0","0","0","0","0","0","0","0","0","0","0","0","0","0","0","0","0","0","0","0","0","0","0","0","0","0","0","0","0","0","0","0","0","0","0","0","0","0","0","0","0","0","0","0","0","0","0","0","0","0","0","0","0","0","0","0","0","0","0","0","0","1","1","2","1","0"
"The development of circular economy in China","Wang, Jun Feng; Li, Hui Ming","","","","Aquatic Ecosystem Health & Management","JAN-MAR 2006","2006","9","1","","","","99","103","","10.1080/14634980500536162","","","5","0.45","0","0","0","0","0","0","0","0","0","0","0","0","0","0","0","0","0","0","0","0","0","0","0","0","0","0","0","0","0","0","0","0","0","0","0","0","0","0","0","0","0","0","0","0","0","0","0","0","0","0","0","0","0","0","0","0","0","0","0","0","0","0","1","1","1","1","1","0","0","0","0","0"
"How Circular is the Global Economy?: An Assessment of Material Flows, Waste Production, and Recycling in the European Union and the World in 2005","Haas, Willi; Krausmann, Fridolin; Wiedenhofer, Dominik; Heinz, Markus","","","","JOURNAL OF INDUSTRIAL ECOLOGY","OCT 2015","2015","19","5","","","SI","765","777","","10.1111/jiec.12244","","","4","2.00","0","0","0","0","0","0","0","0","0","0","0","0","0","0","0","0","0","0","0","0","0","0","0","0","0","0","0","0","0","0","0","0","0","0","0","0","0","0","0","0","0","0","0","0","0","0","0","0","0","0","0","0","0","0","0","0","0","0","0","0","0","0","0","0","0","0","0","0","0","0","4","0"
"An exploration of firms' awareness and behavior of developing circular economy: An empirical research in China","Liu, Yong; Bai, Yin","","","","RESOURCES CONSERVATION AND RECYCLING","JUN 2014","2014","87","","","","","145","152","","10.1016/j.resconrec.2014.04.002","","","4","1.33","0","0","0","0","0","0","0","0","0","0","0","0","0","0","0","0","0","0","0","0","0","0","0","0","0","0","0","0","0","0","0","0","0","0","0","0","0","0","0","0","0","0","0","0","0","0","0","0","0","0","0","0","0","0","0","0","0","0","0","0","0","0","0","0","0","0","0","0","0","0","3","1"
"ICT reuse in socio-economic enterprises","Ongondo, F. O.; Williams, I. D.; Dietrich, J.; Carroll, C.","","","","WASTE MANAGEMENT","DEC 2013","2013","33","12","","","","2600","2606","","10.1016/j.wasman.2013.08.020","","","4","1.00","0","0","0","0","0","0","0","0","0","0","0","0","0","0","0","0","0","0","0","0","0","0","0","0","0","0","0","0","0","0","0","0","0","0","0","0","0","0","0","0","0","0","0","0","0","0","0","0","0","0","0","0","0","0","0","0","0","0","0","0","0","0","0","0","0","0","0","0","0","1","3","0"
"Internationalization and environmentally-related organizational learning among Chinese manufacturers","Zhu, Qinghua; Sarkis, Joseph; Lai, Kee-hung","","","","TECHNOLOGICAL FORECASTING AND SOCIAL CHANGE","JAN 2012","2012","79","1","","","","142","154","","10.1016/j.techfore.2011.08.018","","","4","0.80","0","0","0","0","0","0","0","0","0","0","0","0","0","0","0","0","0","0","0","0","0","0","0","0","0","0","0","0","0","0","0","0","0","0","0","0","0","0","0","0","0","0","0","0","0","0","0","0","0","0","0","0","0","0","0","0","0","0","0","0","0","0","0","0","0","0","0","0","3","1","0","0"
"Teaching Industrial Ecology at Dalian University of Technology","Geng, Yong; Mitchell, Bruce; Zhu, Qinghua","","","","JOURNAL OF INDUSTRIAL ECOLOGY","DEC 2009","2009","13","6","","","","978","989","","10.1111/j.1530-9290.2009.00184.x","","","4","0.50","0","0","0","0","0","0","0","0","0","0","0","0","0","0","0","0","0","0","0","0","0","0","0","0","0","0","0","0","0","0","0","0","0","0","0","0","0","0","0","0","0","0","0","0","0","0","0","0","0","0","0","0","0","0","0","0","0","0","0","0","0","0","0","0","0","0","1","0","1","1","1","0"
"Sustainable urban infrastructure in China: Towards a Factor 10 improvement in resource productivity through integrated infrastructure systems","Ness, David","","","","INTERNATIONAL JOURNAL OF SUSTAINABLE DEVELOPMENT AND WORLD ECOLOGY","AUG 2008","2008","15","4","","","","288","301","","10.3843/SusDev.15.4:2","1st Xiamen International Forum on Urban Environment","NOV 28-29, 2007","4","0.44","0","0","0","0","0","0","0","0","0","0","0","0","0","0","0","0","0","0","0","0","0","0","0","0","0","0","0","0","0","0","0","0","0","0","0","0","0","0","0","0","0","0","0","0","0","0","0","0","0","0","0","0","0","0","0","0","0","0","0","0","0","0","0","0","1","2","0","0","0","1","0","0"
"Industrial ecology education at Wuhan University","Ning, Wei; Chen, Pengyu; Wu, Feng; Cockerill, Kristan; Deng, Nansheng","","","","JOURNAL OF INDUSTRIAL ECOLOGY","SUM 2007","2007","11","3","","","","147","153","","10.1162/jiec.2007.1168","","","4","0.40","0","0","0","0","0","0","0","0","0","0","0","0","0","0","0","0","0","0","0","0","0","0","0","0","0","0","0","0","0","0","0","0","0","0","0","0","0","0","0","0","0","0","0","0","0","0","0","0","0","0","0","0","0","0","0","0","0","0","0","0","0","0","0","0","1","0","1","0","1","1","0","0"
"Corporate sustainability development in China: review and analysis","Bai, Chunguang; Sarkis, Joseph; Dou, Yijie","","","","INDUSTRIAL MANAGEMENT & DATA SYSTEMS","2015","2015","115","1","","","","5","40","","10.1108/IMDS-09-2014-0258","","","3","1.50","0","0","0","0","0","0","0","0","0","0","0","0","0","0","0","0","0","0","0","0","0","0","0","0","0","0","0","0","0","0","0","0","0","0","0","0","0","0","0","0","0","0","0","0","0","0","0","0","0","0","0","0","0","0","0","0","0","0","0","0","0","0","0","0","0","0","0","0","0","0","1","2"
"Landfill reduction experience in The Netherlands","Scharff, Heijo","","","","WASTE MANAGEMENT","NOV 2014","2014","34","11","","","","2218","2224","","10.1016/j.wasman.2014.05.019","","","3","1.00","0","0","0","0","0","0","0","0","0","0","0","0","0","0","0","0","0","0","0","0","0","0","0","0","0","0","0","0","0","0","0","0","0","0","0","0","0","0","0","0","0","0","0","0","0","0","0","0","0","0","0","0","0","0","0","0","0","0","0","0","0","0","0","0","0","0","0","0","0","0","2","1"
"Challenges and political solutions for steel recycling in China","Wuebbeke, Jost; Heroth, Timo","","","","RESOURCES CONSERVATION AND RECYCLING","JUN 2014","2014","87","","","","","1","7","","10.1016/j.resconrec.2014.03.004","","","3","1.00","0","0","0","0","0","0","0","0","0","0","0","0","0","0","0","0","0","0","0","0","0","0","0","0","0","0","0","0","0","0","0","0","0","0","0","0","0","0","0","0","0","0","0","0","0","0","0","0","0","0","0","0","0","0","0","0","0","0","0","0","0","0","0","0","0","0","0","0","0","2","0","1"
"Managing Critical Materials with a Technology-Specific Stocks and Flows Model","Busch, Jonathan; Steinberger, Julia K.; Dawson, David A.; Purnell, Phil; Roelich, Katy","","","","ENVIRONMENTAL SCIENCE & TECHNOLOGY","JAN 21 2014","2014","48","2","","","","1298","1305","","10.1021/es404877u","","","3","1.00","0","0","0","0","0","0","0","0","0","0","0","0","0","0","0","0","0","0","0","0","0","0","0","0","0","0","0","0","0","0","0","0","0","0","0","0","0","0","0","0","0","0","0","0","0","0","0","0","0","0","0","0","0","0","0","0","0","0","0","0","0","0","0","0","0","0","0","0","0","1","1","1"
"Municipal solid waste management in Dalian: practices and challenges","Wang, Xinbei; Geng, Yong","","","","FRONTIERS OF ENVIRONMENTAL SCIENCE & ENGINEERING","AUG 2012","2012","6","4","","","","540","548","","10.1007/s11783-011-0361-z","","","3","0.60","0","0","0","0","0","0","0","0","0","0","0","0","0","0","0","0","0","0","0","0","0","0","0","0","0","0","0","0","0","0","0","0","0","0","0","0","0","0","0","0","0","0","0","0","0","0","0","0","0","0","0","0","0","0","0","0","0","0","0","0","0","0","0","0","0","0","0","0","2","1","0","0"
"Where Will China Go? A Viewpoint Based on an Analysis of the Challenges of Resource Supply and Pollution","Yuan, Zengwei; Jiang, Weili; Liu, Beibei; Bi, Jun","","","","ENVIRONMENTAL PROGRESS","DEC 2008","2008","27","4","","","","503","514","","10.1002/ep.10300","","","3","0.33","0","0","0","0","0","0","0","0","0","0","0","0","0","0","0","0","0","0","0","0","0","0","0","0","0","0","0","0","0","0","0","0","0","0","0","0","0","0","0","0","0","0","0","0","0","0","0","0","0","0","0","0","0","0","0","0","0","0","0","0","0","0","0","0","0","2","1","0","0","0","0","0"
"A case study of a phosphorus chemical firm's application of resource efficiency and eco-efficiency in industrial metabolism under circular economy","Ma, Shujie; Hu, Shanying; Chen, Dingjiang; Zhu, Bing","","","","JOURNAL OF CLEANER PRODUCTION","JAN 15 2015","2015","87","","","","","839","849","","10.1016/j.jclepro.2014.10.059","","","2","1.00","0","0","0","0","0","0","0","0","0","0","0","0","0","0","0","0","0","0","0","0","0","0","0","0","0","0","0","0","0","0","0","0","0","0","0","0","0","0","0","0","0","0","0","0","0","0","0","0","0","0","0","0","0","0","0","0","0","0","0","0","0","0","0","0","0","0","0","0","0","0","1","1"
"Development of sustainable waste management toward zero landfill waste for the petrochemical industry in Thailand using a comprehensive 3R methodology: A case study","Usapein, Parnuwat; Chavalparit, Orathai","","","","WASTE MANAGEMENT & RESEARCH","JUN 2014","2014","32","6","","","","509","518","","10.1177/0734242X14533604","","","2","0.67","0","0","0","0","0","0","0","0","0","0","0","0","0","0","0","0","0","0","0","0","0","0","0","0","0","0","0","0","0","0","0","0","0","0","0","0","0","0","0","0","0","0","0","0","0","0","0","0","0","0","0","0","0","0","0","0","0","0","0","0","0","0","0","0","0","0","0","0","0","0","2","0"
"Circular Economy Development Mode of Coastal and Marine Areas in China and its Evaluation Index Research - The Example of Qingdao","Lu, Yan","","","","International Journal of Bioautomation","2014","2014","18","2","","","","121","130","","","","","2","0.67","0","0","0","0","0","0","0","0","0","0","0","0","0","0","0","0","0","0","0","0","0","0","0","0","0","0","0","0","0","0","0","0","0","0","0","0","0","0","0","0","0","0","0","0","0","0","0","0","0","0","0","0","0","0","0","0","0","0","0","0","0","0","0","0","0","0","0","0","0","2","0","0"
"A planning model for the chemical integrated system under uncertainty by grey programming approach","Ren, Jingzheng; Tan, Shiyu; Dong, Lichun; Zhou, Zhiming; Gao, Suzhao; Pan, Cihui","","","","POLISH JOURNAL OF CHEMICAL TECHNOLOGY","2013","2013","15","2","","","","16","22","","10.2478/pjct-2013-0019","","","2","0.50","0","0","0","0","0","0","0","0","0","0","0","0","0","0","0","0","0","0","0","0","0","0","0","0","0","0","0","0","0","0","0","0","0","0","0","0","0","0","0","0","0","0","0","0","0","0","0","0","0","0","0","0","0","0","0","0","0","0","0","0","0","0","0","0","0","0","0","0","0","0","2","0"
"China's move to a Circular Economy as a development strategy","Mathews, John A.; Tang, Yiming; Tan, Hao","","","","ASIAN BUSINESS & MANAGEMENT","NOV 2011","2011","10","4","","","","463","484","","10.1057/abm.2011.18","","","2","0.33","0","0","0","0","0","0","0","0","0","0","0","0","0","0","0","0","0","0","0","0","0","0","0","0","0","0","0","0","0","0","0","0","0","0","0","0","0","0","0","0","0","0","0","0","0","0","0","0","0","0","0","0","0","0","0","0","0","0","0","0","0","0","0","0","0","0","0","1","0","0","1","0"
"Materials Metabolism Analysis of China's Highway Traffic System (HTS) for Promoting Circular Economy","Wen, Zongguo; Li, Ruijuan","","","","JOURNAL OF INDUSTRIAL ECOLOGY","AUG 2010","2010","14","4","","","","641","649","","10.1111/j.1530-9290.2010.00263.x","","","2","0.29","0","0","0","0","0","0","0","0","0","0","0","0","0","0","0","0","0","0","0","0","0","0","0","0","0","0","0","0","0","0","0","0","0","0","0","0","0","0","0","0","0","0","0","0","0","0","0","0","0","0","0","0","0","0","0","0","0","0","0","0","0","0","0","0","0","0","0","0","1","0","1","0"
"Overview and description of technologies for recovering phosphorus from municipal wastewater","Egle, Lukas; Rechberger, Helmut; Zessner, Matthias","","","","RESOURCES CONSERVATION AND RECYCLING","DEC 2015","2015","105","","B","","","325","346","","10.1016/j.resconrec.2015.09.016","","","1","0.50","0","0","0","0","0","0","0","0","0","0","0","0","0","0","0","0","0","0","0","0","0","0","0","0","0","0","0","0","0","0","0","0","0","0","0","0","0","0","0","0","0","0","0","0","0","0","0","0","0","0","0","0","0","0","0","0","0","0","0","0","0","0","0","0","0","0","0","0","0","0","1","0"
"Industrial symbiosis as a countermeasure for resource dependent city: a case study of Guiyang, China","Li, Hong; Dong, Liang; Ren, Jingzheng","","","","JOURNAL OF CLEANER PRODUCTION","NOV 16 2015","2015","107","","","","","252","266","","10.1016/j.jclepro.2015.04.089","","","1","0.50","0","0","0","0","0","0","0","0","0","0","0","0","0","0","0","0","0","0","0","0","0","0","0","0","0","0","0","0","0","0","0","0","0","0","0","0","0","0","0","0","0","0","0","0","0","0","0","0","0","0","0","0","0","0","0","0","0","0","0","0","0","0","0","0","0","0","0","0","0","0","1","0"
"Quantifying CO2 emission reduction from industrial symbiosis in integrated steel mills in China","Yu, Bing; Li, Xiao; Shi, Lei; Qian, Yi","","","","JOURNAL OF CLEANER PRODUCTION","SEP 15 2015","2015","103","","","","","801","810","","10.1016/j.jclepro.2014.08.015","","","1","0.50","0","0","0","0","0","0","0","0","0","0","0","0","0","0","0","0","0","0","0","0","0","0","0","0","0","0","0","0","0","0","0","0","0","0","0","0","0","0","0","0","0","0","0","0","0","0","0","0","0","0","0","0","0","0","0","0","0","0","0","0","0","0","0","0","0","0","0","0","0","0","1","0"
"Does food sorting prevents and improves sorting of household waste? A case in Sweden","Miliute-Plepiene, J.; Plepys, A.","","","","JOURNAL OF CLEANER PRODUCTION","AUG 15 2015","2015","101","","","","","182","192","","10.1016/j.jclepro.2015.04.013","","","1","0.50","0","0","0","0","0","0","0","0","0","0","0","0","0","0","0","0","0","0","0","0","0","0","0","0","0","0","0","0","0","0","0","0","0","0","0","0","0","0","0","0","0","0","0","0","0","0","0","0","0","0","0","0","0","0","0","0","0","0","0","0","0","0","0","0","0","0","0","0","0","0","0","1"
"Empirical study on the environmental pressure versus economic growth in China during 1991-2012","Zhang, Zilong; Chen, Xingpeng; Heck, Peter; Xue, Bing; Liu, Ye","","","","RESOURCES CONSERVATION AND RECYCLING","AUG 2015","2015","101","","","","","182","193","","10.1016/j.resconrec.2015.05.018","","","1","0.50","0","0","0","0","0","0","0","0","0","0","0","0","0","0","0","0","0","0","0","0","0","0","0","0","0","0","0","0","0","0","0","0","0","0","0","0","0","0","0","0","0","0","0","0","0","0","0","0","0","0","0","0","0","0","0","0","0","0","0","0","0","0","0","0","0","0","0","0","0","0","1","0"
"Barriers to Promoting Eco-Industrial Parks Development in China: Perspectives from Senior Officials at National Industrial Parks","Zhu, Qinghua; Geng, Yong; Sarkis, Joseph; Lai, Kee-Hung","","","","JOURNAL OF INDUSTRIAL ECOLOGY","JUN 2015","2015","19","3","","","","457","467","","10.1111/jiec.12176","","","1","0.50","0","0","0","0","0","0","0","0","0","0","0","0","0","0","0","0","0","0","0","0","0","0","0","0","0","0","0","0","0","0","0","0","0","0","0","0","0","0","0","0","0","0","0","0","0","0","0","0","0","0","0","0","0","0","0","0","0","0","0","0","0","0","0","0","0","0","0","0","0","0","1","0"
"Interrogating the circular economy: the moral economy of resource recovery in the EU","Gregson, Nicky; Crang, Mike; Fuller, Sara; Holmes, Helen","","","","ECONOMY AND SOCIETY","APR 3 2015","2015","44","2","","","","218","243","","10.1080/03085147.2015.1013353","","","1","0.50","0","0","0","0","0","0","0","0","0","0","0","0","0","0","0","0","0","0","0","0","0","0","0","0","0","0","0","0","0","0","0","0","0","0","0","0","0","0","0","0","0","0","0","0","0","0","0","0","0","0","0","0","0","0","0","0","0","0","0","0","0","0","0","0","0","0","0","0","0","0","1","0"
"Quantitative assessment of industrial symbiosis for the promotion of circular economy: a case study of the printed circuit boards industry in China's Suzhou New District","Wen, Zongguo; Meng, Xiaoyan","","","","JOURNAL OF CLEANER PRODUCTION","MAR 1 2015","2015","90","","","","","211","219","","10.1016/j.jclepro.2014.03.041","","","1","0.50","0","0","0","0","0","0","0","0","0","0","0","0","0","0","0","0","0","0","0","0","0","0","0","0","0","0","0","0","0","0","0","0","0","0","0","0","0","0","0","0","0","0","0","0","0","0","0","0","0","0","0","0","0","0","0","0","0","0","0","0","0","0","0","0","0","0","0","0","0","0","1","0"
"A study on material metabolism in Hebei iron and steel industry analysis","Dai Tiejun","","","","RESOURCES CONSERVATION AND RECYCLING","FEB 2015","2015","95","","","","","183","192","","10.1016/j.resconrec.2015.01.002","","","1","0.50","0","0","0","0","0","0","0","0","0","0","0","0","0","0","0","0","0","0","0","0","0","0","0","0","0","0","0","0","0","0","0","0","0","0","0","0","0","0","0","0","0","0","0","0","0","0","0","0","0","0","0","0","0","0","0","0","0","0","0","0","0","0","0","0","0","0","0","0","0","0","0","1"
"Evolution of industrial symbiosis in an eco-industrial park in China","Yu, Fei; Han, Feng; Cui, Zhaojie","","","","JOURNAL OF CLEANER PRODUCTION","JAN 15 2015","2015","87","","","","","339","347","","10.1016/j.jclepro.2014.10.058","","","1","0.50","0","0","0","0","0","0","0","0","0","0","0","0","0","0","0","0","0","0","0","0","0","0","0","0","0","0","0","0","0","0","0","0","0","0","0","0","0","0","0","0","0","0","0","0","0","0","0","0","0","0","0","0","0","0","0","0","0","0","0","0","0","0","0","0","0","0","0","0","0","0","1","0"
"Study and evaluation on sustainable industrial development in the Mekong Delta of Vietnam","Nguyen, Quoc Cuong; Ye, Fei","","","","JOURNAL OF CLEANER PRODUCTION","JAN 1 2015","2015","86","","","","","389","402","","10.1016/j.jclepro.2014.08.087","","","1","0.50","0","0","0","0","0","0","0","0","0","0","0","0","0","0","0","0","0","0","0","0","0","0","0","0","0","0","0","0","0","0","0","0","0","0","0","0","0","0","0","0","0","0","0","0","0","0","0","0","0","0","0","0","0","0","0","0","0","0","0","0","0","0","0","0","0","0","0","0","0","0","0","1"
"Circular economy in drinking water treatment: reuse of ground pellets as seeding material in the pellet softening process","Schetters, M. J. A.; van der Hoek, J. P.; Kramer, O. J. I.; Kors, L. J.; Palmen, L. J.; Hofs, B.; Koppers, H.","","","","WATER SCIENCE AND TECHNOLOGY","2015","2015","71","4","","","","479","486","","10.2166/wst.2014.494","","","1","0.50","0","0","0","0","0","0","0","0","0","0","0","0","0","0","0","0","0","0","0","0","0","0","0","0","0","0","0","0","0","0","0","0","0","0","0","0","0","0","0","0","0","0","0","0","0","0","0","0","0","0","0","0","0","0","0","0","0","0","0","0","0","0","0","0","0","0","0","0","0","0","1","0"
"Circular economy in China - the environmental dimension of the harmonious society","Naustdalslid, Jon","","","","INTERNATIONAL JOURNAL OF SUSTAINABLE DEVELOPMENT AND WORLD ECOLOGY","AUG 2014","2014","21","4","","","","303","313","","10.1080/13504509.2014.914599","","","1","0.33","0","0","0","0","0","0","0","0","0","0","0","0","0","0","0","0","0","0","0","0","0","0","0","0","0","0","0","0","0","0","0","0","0","0","0","0","0","0","0","0","0","0","0","0","0","0","0","0","0","0","0","0","0","0","0","0","0","0","0","0","0","0","0","0","0","0","0","0","0","0","0","1"
"Ownership governance, institutional pressures and circular economy accounting information disclosure An institutional theory and corporate governance theory perspective","Wang, PuCha; Che, Fei; Fan, ShanShan; Gu, Chen","","","","CHINESE MANAGEMENT STUDIES","2014","2014","8","3","","","SI","487","501","","10.1108/CMS-10-2013-0192","","","1","0.33","0","0","0","0","0","0","0","0","0","0","0","0","0","0","0","0","0","0","0","0","0","0","0","0","0","0","0","0","0","0","0","0","0","0","0","0","0","0","0","0","0","0","0","0","0","0","0","0","0","0","0","0","0","0","0","0","0","0","0","0","0","0","0","0","0","0","0","0","0","1","0","0"
"Measurement of Eco-Efficiency of the Construction of Circular Economy in Shandong Province","Wang Yu-mei; Ding Jun-xin; Wei Xing-hua","","","","Journal of Ecology and Rural Environment","JUL 25 2013","2013","29","4","","","","460","465","","","","","1","0.25","0","0","0","0","0","0","0","0","0","0","0","0","0","0","0","0","0","0","0","0","0","0","0","0","0","0","0","0","0","0","0","0","0","0","0","0","0","0","0","0","0","0","0","0","0","0","0","0","0","0","0","0","0","0","0","0","0","0","0","0","0","0","0","0","0","0","0","0","0","1","0","0"
"Reduction of weight and embodied energy in Highrise construction","Berger, Tobias; Prasser, Patrick; Reinke, Hans Georg","","","","BETON- UND STAHLBETONBAU","JUN 2013","2013","108","6","","","","395","403","","10.1002/best.201300019","","","1","0.25","0","0","0","0","0","0","0","0","0","0","0","0","0","0","0","0","0","0","0","0","0","0","0","0","0","0","0","0","0","0","0","0","0","0","0","0","0","0","0","0","0","0","0","0","0","0","0","0","0","0","0","0","0","0","0","0","0","0","0","0","0","0","0","0","0","0","0","0","1","0","0","0"
"Reutilisation-extended material flows and circular economy in China","Li, Nan; Zhang, Tianzhu; Liang, Sai","","","","WASTE MANAGEMENT","JUN 2013","2013","33","6","","","","1552","1560","","10.1016/j.wasman.2013.03.029","","","1","0.25","0","0","0","0","0","0","0","0","0","0","0","0","0","0","0","0","0","0","0","0","0","0","0","0","0","0","0","0","0","0","0","0","0","0","0","0","0","0","0","0","0","0","0","0","0","0","0","0","0","0","0","0","0","0","0","0","0","0","0","0","0","0","0","0","0","0","0","0","0","0","1","0"
"Risk based management of chemicals and products in a circular economy at a global scale (risk cycle), extended producer responsibility and EU legislation","Lahl, Uwe; Zeschmar-Lahl, Barbara","","","","Environmental Sciences Europe","2013","2013","25","","","","","","","","10.1186/2190-4715-25-3","","","1","0.25","0","0","0","0","0","0","0","0","0","0","0","0","0","0","0","0","0","0","0","0","0","0","0","0","0","0","0","0","0","0","0","0","0","0","0","0","0","0","0","0","0","0","0","0","0","0","0","0","0","0","0","0","0","0","0","0","0","0","0","0","0","0","0","0","0","0","0","0","0","0","1","0"
"Sustainability assessment on eco-economic system of Chengdu City based on emergy analysis","Zeng Xu; Yao Jian; Sun Hui","","","","Shengtaixue Zazhi","DEC 2011","2011","30","12","","","","2875","2880","","","","","1","0.17","0","0","0","0","0","0","0","0","0","0","0","0","0","0","0","0","0","0","0","0","0","0","0","0","0","0","0","0","0","0","0","0","0","0","0","0","0","0","0","0","0","0","0","0","0","0","0","0","0","0","0","0","0","0","0","0","0","0","0","0","0","0","0","0","0","0","0","0","0","1","0","0"
"Material Flow and Circular Economy","Chen, Jian Zhong","","","","SYSTEMS RESEARCH AND BEHAVIORAL SCIENCE","MAR-APR 2009","2009","26","2","","","","269","278","","10.1002/sres.968","","","1","0.12","0","0","0","0","0","0","0","0","0","0","0","0","0","0","0","0","0","0","0","0","0","0","0","0","0","0","0","0","0","0","0","0","0","0","0","0","0","0","0","0","0","0","0","0","0","0","0","0","0","0","0","0","0","0","0","0","0","0","0","0","0","0","0","0","0","0","0","0","0","0","0","1"
"Recycle of low chemical potential substance","Wen, C. F.; Zhao, Y. L.; Liang, R. Z.","","","","RESOURCES CONSERVATION AND RECYCLING","AUG 2007","2007","51","2","","","","475","486","","10.1016/j.resconrec.2006.10.011","","","1","0.10","0","0","0","0","0","0","0","0","0","0","0","0","0","0","0","0","0","0","0","0","0","0","0","0","0","0","0","0","0","0","0","0","0","0","0","0","0","0","0","0","0","0","0","0","0","0","0","0","0","0","0","0","0","0","0","0","0","0","0","0","0","0","0","0","0","0","0","0","0","1","0","0"
"Analyzing cleaner production, industrial ecology and circular economy upon ecological paradigm.","Song, Tao; Han, Liang; Tong, Lian-jun; Li, Ming-sheng","","","","Journal of Ecology and Rural Environment","JUL 25 2007","2007","23","3","","","","86","89","","","","","1","0.10","0","0","0","0","0","0","0","0","0","0","0","0","0","0","0","0","0","0","0","0","0","0","0","0","0","0","0","0","0","0","0","0","0","0","0","0","0","0","0","0","0","0","0","0","0","0","0","0","0","0","0","0","0","0","0","0","0","0","0","0","0","0","0","1","0","0","0","0","0","0","0","0"
"Two-stage network processes with shared resources and resources recovered from undesirable outputs","Wu, Jie; Zhu, Qingyuan; Ji, Xiang; Chu, Junfei; Liang, Liang","","","","EUROPEAN JOURNAL OF OPERATIONAL RESEARCH","MAY 16 2016","2016","251","1","","","","182","197","","10.1016/j.ejor.2015.10.049","","","0","0.00","0","0","0","0","0","0","0","0","0","0","0","0","0","0","0","0","0","0","0","0","0","0","0","0","0","0","0","0","0","0","0","0","0","0","0","0","0","0","0","0","0","0","0","0","0","0","0","0","0","0","0","0","0","0","0","0","0","0","0","0","0","0","0","0","0","0","0","0","0","0","0","0"
"Evaluation of products at design phase for an efficient disassembly at end-of-life","Sabaghi, Mandi; Mascle, Christian; Baptiste, Pierre","","","","JOURNAL OF CLEANER PRODUCTION","MAR 10 2016","2016","116","","","","","177","186","","10.1016/j.jclepro.2016.01.007","","","0","0.00","0","0","0","0","0","0","0","0","0","0","0","0","0","0","0","0","0","0","0","0","0","0","0","0","0","0","0","0","0","0","0","0","0","0","0","0","0","0","0","0","0","0","0","0","0","0","0","0","0","0","0","0","0","0","0","0","0","0","0","0","0","0","0","0","0","0","0","0","0","0","0","0"
"Circular economy: European policy on shaky ground","de Man, Reinier; Friege, Henning","","","","WASTE MANAGEMENT & RESEARCH","FEB 2016","2016","34","2","","","","93","95","","10.1177/0734242X15626015","","","0","0.00","0","0","0","0","0","0","0","0","0","0","0","0","0","0","0","0","0","0","0","0","0","0","0","0","0","0","0","0","0","0","0","0","0","0","0","0","0","0","0","0","0","0","0","0","0","0","0","0","0","0","0","0","0","0","0","0","0","0","0","0","0","0","0","0","0","0","0","0","0","0","0","0"
"Evaluation of the recovery of Rare Earth Elements (REE) from phosphogypsum waste - case study of the WIZOW Chemical Plant (Poland)","Kulczycka, Joanna; Kowalski, Zygmunt; Smol, Marzena; Wirth, Herbert","","","","JOURNAL OF CLEANER PRODUCTION","FEB 1 2016","2016","113","","","","","345","354","","10.1016/j.jclepro.2015.11.039","","","0","0.00","0","0","0","0","0","0","0","0","0","0","0","0","0","0","0","0","0","0","0","0","0","0","0","0","0","0","0","0","0","0","0","0","0","0","0","0","0","0","0","0","0","0","0","0","0","0","0","0","0","0","0","0","0","0","0","0","0","0","0","0","0","0","0","0","0","0","0","0","0","0","0","0"
"Added-value from linking the value chains of wastewater treatment, crop production and bioenergy production: A case study on reusing wastewater and sludge in crop production in Braunschweig (Germany)","Maass, Oliver; Grundmann, Philipp","","","","RESOURCES CONSERVATION AND RECYCLING","FEB 2016","2016","107","","","","","195","211","","10.1016/j.resconrec.2016.01.002","","","0","0.00","0","0","0","0","0","0","0","0","0","0","0","0","0","0","0","0","0","0","0","0","0","0","0","0","0","0","0","0","0","0","0","0","0","0","0","0","0","0","0","0","0","0","0","0","0","0","0","0","0","0","0","0","0","0","0","0","0","0","0","0","0","0","0","0","0","0","0","0","0","0","0","0"
"A systematic framework for energetic, environmental and economic (3E) assessment and design of polygeneration systems","Ng, Kok Siew; Hernandez, Elias Martinez","","","","CHEMICAL ENGINEERING RESEARCH & DESIGN","FEB 2016","2016","106","","","","","1","25","","10.1016/j.cherd.2015.11.017","","","0","0.00","0","0","0","0","0","0","0","0","0","0","0","0","0","0","0","0","0","0","0","0","0","0","0","0","0","0","0","0","0","0","0","0","0","0","0","0","0","0","0","0","0","0","0","0","0","0","0","0","0","0","0","0","0","0","0","0","0","0","0","0","0","0","0","0","0","0","0","0","0","0","0","0"
"Paving the way towards circular consumption: exploring consumer acceptance of refurbished mobile phones in the Dutch market","van Weelden, Eline; Mugge, Ruth; Bakker, Conny","","","","JOURNAL OF CLEANER PRODUCTION","FEB 1 2016","2016","113","","","","","743","754","","10.1016/j.jclepro.2015.11.065","","","0","0.00","0","0","0","0","0","0","0","0","0","0","0","0","0","0","0","0","0","0","0","0","0","0","0","0","0","0","0","0","0","0","0","0","0","0","0","0","0","0","0","0","0","0","0","0","0","0","0","0","0","0","0","0","0","0","0","0","0","0","0","0","0","0","0","0","0","0","0","0","0","0","0","0"
"Comparative life cycle assessment of deinking sludge utilization alternatives","Deviatkin, Ivan; Kapustina, Viktoriia; Vasilieva, Elena; Isyanov, Lev; Horttanainen, Mika","","","","JOURNAL OF CLEANER PRODUCTION","JAN 20 2016","2016","112","","4","","","3232","3243","","10.1016/j.jclepro.2015.10.022","","","0","0.00","0","0","0","0","0","0","0","0","0","0","0","0","0","0","0","0","0","0","0","0","0","0","0","0","0","0","0","0","0","0","0","0","0","0","0","0","0","0","0","0","0","0","0","0","0","0","0","0","0","0","0","0","0","0","0","0","0","0","0","0","0","0","0","0","0","0","0","0","0","0","0","0"
"Modelling metal flows in the Australian economy","Golev, Artem; Corder, Glen","","","","JOURNAL OF CLEANER PRODUCTION","JAN 20 2016","2016","112","","5","","","4296","4303","","10.1016/j.jclepro.2015.07.083","","","0","0.00","0","0","0","0","0","0","0","0","0","0","0","0","0","0","0","0","0","0","0","0","0","0","0","0","0","0","0","0","0","0","0","0","0","0","0","0","0","0","0","0","0","0","0","0","0","0","0","0","0","0","0","0","0","0","0","0","0","0","0","0","0","0","0","0","0","0","0","0","0","0","0","0"
"Production of biofuels and biomolecules in the framework of circular economy: A regional case study","Jacquet, Nicolas; Haubruge, Eric; Richel, Aurore","","","","WASTE MANAGEMENT & RESEARCH","DEC 2015","2015","33","12","","","","1121","1126","","10.1177/0734242X15613154","","","0","0.00","0","0","0","0","0","0","0","0","0","0","0","0","0","0","0","0","0","0","0","0","0","0","0","0","0","0","0","0","0","0","0","0","0","0","0","0","0","0","0","0","0","0","0","0","0","0","0","0","0","0","0","0","0","0","0","0","0","0","0","0","0","0","0","0","0","0","0","0","0","0","0","0"
"Some pervasive challenges to sustainability by design of electronic products - a conceptual discussion","Laurenti, Rafael; Sinha, Rajib; Singh, Jagdeep; Frostell, Bjorn","","","","JOURNAL OF CLEANER PRODUCTION","DEC 1 2015","2015","108","","A","","","281","288","","10.1016/j.jclepro.2015.08.041","","","0","0.00","0","0","0","0","0","0","0","0","0","0","0","0","0","0","0","0","0","0","0","0","0","0","0","0","0","0","0","0","0","0","0","0","0","0","0","0","0","0","0","0","0","0","0","0","0","0","0","0","0","0","0","0","0","0","0","0","0","0","0","0","0","0","0","0","0","0","0","0","0","0","0","0"
"Method for residual household waste composition studies","Sahimaa, Olli; Hupponen, Mari; Horttanainen, Mika; Sorvari, Jaana","","","","WASTE MANAGEMENT","DEC 2015","2015","46","","","","","3","14","","10.1016/j.wasman.2015.08.032","","","0","0.00","0","0","0","0","0","0","0","0","0","0","0","0","0","0","0","0","0","0","0","0","0","0","0","0","0","0","0","0","0","0","0","0","0","0","0","0","0","0","0","0","0","0","0","0","0","0","0","0","0","0","0","0","0","0","0","0","0","0","0","0","0","0","0","0","0","0","0","0","0","0","0","0"
"Assessing the impact of China's vehicle emission standards on diesel engine remanufacturing","Zhang, Ji-Hao; Chen, Ming","","","","JOURNAL OF CLEANER PRODUCTION","NOV 16 2015","2015","107","","","","","177","184","","10.1016/j.jclepro.2015.03.103","","","0","0.00","0","0","0","0","0","0","0","0","0","0","0","0","0","0","0","0","0","0","0","0","0","0","0","0","0","0","0","0","0","0","0","0","0","0","0","0","0","0","0","0","0","0","0","0","0","0","0","0","0","0","0","0","0","0","0","0","0","0","0","0","0","0","0","0","0","0","0","0","0","0","0","0"
"A circular economy model of economic growth","George, Donald A. R.; Lin, Brian Chi-ang; Chen, Yunmin","","","","ENVIRONMENTAL MODELLING & SOFTWARE","NOV 2015","2015","73","","","","","60","63","","10.1016/j.envsoft.2015.06.014","","","0","0.00","0","0","0","0","0","0","0","0","0","0","0","0","0","0","0","0","0","0","0","0","0","0","0","0","0","0","0","0","0","0","0","0","0","0","0","0","0","0","0","0","0","0","0","0","0","0","0","0","0","0","0","0","0","0","0","0","0","0","0","0","0","0","0","0","0","0","0","0","0","0","0","0"
"Recycling of rare earths from fluorescent lamps: Value analysis of closing-the-loop under demand and supply uncertainties","Machacek, Erika; Richter, Jessika Luth; Habib, Komal; Klosseke, Polina","","","","RESOURCES CONSERVATION AND RECYCLING","NOV 2015","2015","104","","A","","","76","93","","10.1016/j.resconrec.2015.09.005","","","0","0.00","0","0","0","0","0","0","0","0","0","0","0","0","0","0","0","0","0","0","0","0","0","0","0","0","0","0","0","0","0","0","0","0","0","0","0","0","0","0","0","0","0","0","0","0","0","0","0","0","0","0","0","0","0","0","0","0","0","0","0","0","0","0","0","0","0","0","0","0","0","0","0","0"
"Distinct Urban Mines: Exploiting secondary resources in unique anthropogenic spaces","Ongondo, F. O.; Williams, I. D.; Whitlock, G.","","","","WASTE MANAGEMENT","NOV 2015","2015","45","","","","SI","4","9","","10.1016/j.wasman.2015.05.026","","","0","0.00","0","0","0","0","0","0","0","0","0","0","0","0","0","0","0","0","0","0","0","0","0","0","0","0","0","0","0","0","0","0","0","0","0","0","0","0","0","0","0","0","0","0","0","0","0","0","0","0","0","0","0","0","0","0","0","0","0","0","0","0","0","0","0","0","0","0","0","0","0","0","0","0"
"Are Cellulose Nanofibers a Solution for a More Circular Economy of Paper Products?","Delgado-Aguilar, Marc; Tarres, Quim; Pelach, M. Angels; Mutje, Pere; Fullana-i-Palmer, Pere","","","","ENVIRONMENTAL SCIENCE & TECHNOLOGY","OCT 20 2015","2015","49","20","","","","12206","12213","","10.1021/acs.est.5b02676","","","0","0.00","0","0","0","0","0","0","0","0","0","0","0","0","0","0","0","0","0","0","0","0","0","0","0","0","0","0","0","0","0","0","0","0","0","0","0","0","0","0","0","0","0","0","0","0","0","0","0","0","0","0","0","0","0","0","0","0","0","0","0","0","0","0","0","0","0","0","0","0","0","0","0","0"
"On the design of closed-loop networks for product life cycle management: Economic, environmental and geography considerations","Accorsi, Riccardo; Manzini, Riccardo; Pini, Chiara; Penazzi, Stefano","","","","JOURNAL OF TRANSPORT GEOGRAPHY","OCT 2015","2015","48","","","","","121","134","","10.1016/j.jtrangeo.2015.09.005","","","0","0.00","0","0","0","0","0","0","0","0","0","0","0","0","0","0","0","0","0","0","0","0","0","0","0","0","0","0","0","0","0","0","0","0","0","0","0","0","0","0","0","0","0","0","0","0","0","0","0","0","0","0","0","0","0","0","0","0","0","0","0","0","0","0","0","0","0","0","0","0","0","0","0","0"
"Sustainability in environmental education: new strategic thinking","Kopnina, Helen","","","","ENVIRONMENT DEVELOPMENT AND SUSTAINABILITY","OCT 2015","2015","17","5","","","","987","1002","","10.1007/s10668-014-9584-z","","","0","0.00","0","0","0","0","0","0","0","0","0","0","0","0","0","0","0","0","0","0","0","0","0","0","0","0","0","0","0","0","0","0","0","0","0","0","0","0","0","0","0","0","0","0","0","0","0","0","0","0","0","0","0","0","0","0","0","0","0","0","0","0","0","0","0","0","0","0","0","0","0","0","0","0"
"Two-Stage Network Structures with Undesirable Intermediate Outputs Reused: A DEA Based Approach","Wu, Jie; Zhu, Qingyuan; Chu, Junfei; Liang, Liang","","","","COMPUTATIONAL ECONOMICS","OCT 2015","2015","46","3","","","SI","455","477","","10.1007/s10614-015-9498-3","","","0","0.00","0","0","0","0","0","0","0","0","0","0","0","0","0","0","0","0","0","0","0","0","0","0","0","0","0","0","0","0","0","0","0","0","0","0","0","0","0","0","0","0","0","0","0","0","0","0","0","0","0","0","0","0","0","0","0","0","0","0","0","0","0","0","0","0","0","0","0","0","0","0","0","0"
"Hydrolysis of Urea for Ammonia-Based Wet Flue Gas Desulfurization","Zhu, Feifei; Gao, Jie; Chen, Xin; Tong, Ming; Zhou, Yanbo; Lu, Jun","","","","INDUSTRIAL & ENGINEERING CHEMISTRY RESEARCH","SEP 23 2015","2015","54","37","","","","9072","9080","","10.1021/acs.iecr.5b02041","","","0","0.00","0","0","0","0","0","0","0","0","0","0","0","0","0","0","0","0","0","0","0","0","0","0","0","0","0","0","0","0","0","0","0","0","0","0","0","0","0","0","0","0","0","0","0","0","0","0","0","0","0","0","0","0","0","0","0","0","0","0","0","0","0","0","0","0","0","0","0","0","0","0","0","0"
"Which material ownership and responsibility in a circular economy?","Velis, Costas A.; Vrancken, Karl C.","","","","WASTE MANAGEMENT & RESEARCH","SEP 2015","2015","33","9","","","SI","773","774","","10.1177/0734242X15599305","","","0","0.00","0","0","0","0","0","0","0","0","0","0","0","0","0","0","0","0","0","0","0","0","0","0","0","0","0","0","0","0","0","0","0","0","0","0","0","0","0","0","0","0","0","0","0","0","0","0","0","0","0","0","0","0","0","0","0","0","0","0","0","0","0","0","0","0","0","0","0","0","0","0","0","0"
"Experimental proof of concept for a sustainable End of Life Tyres pyrolysis with energy and porous materials production","Antoniou, Nikos; Zabaniotou, Anastasia","","","","JOURNAL OF CLEANER PRODUCTION","AUG 15 2015","2015","101","","","","","323","336","","10.1016/j.jclepro.2015.03.101","","","0","0.00","0","0","0","0","0","0","0","0","0","0","0","0","0","0","0","0","0","0","0","0","0","0","0","0","0","0","0","0","0","0","0","0","0","0","0","0","0","0","0","0","0","0","0","0","0","0","0","0","0","0","0","0","0","0","0","0","0","0","0","0","0","0","0","0","0","0","0","0","0","0","0","0"
"What Makes Eco-Transformation of Industrial Parks Take Off in China?","Yu, Chang; Dijkema, Gerard P. J.; de Jong, Martin","","","","JOURNAL OF INDUSTRIAL ECOLOGY","JUN 2015","2015","19","3","","","","441","456","","10.1111/jiec.12185","","","0","0.00","0","0","0","0","0","0","0","0","0","0","0","0","0","0","0","0","0","0","0","0","0","0","0","0","0","0","0","0","0","0","0","0","0","0","0","0","0","0","0","0","0","0","0","0","0","0","0","0","0","0","0","0","0","0","0","0","0","0","0","0","0","0","0","0","0","0","0","0","0","0","0","0"
"Destined for indecision? A critical analysis of waste management practices in England from 1996 to 2013","Farmer, T. D.; Shaw, P. J.; Williams, I. D.","","","","WASTE MANAGEMENT","MAY 2015","2015","39","","","","","266","276","","10.1016/j.wasman.2015.02.023","","","0","0.00","0","0","0","0","0","0","0","0","0","0","0","0","0","0","0","0","0","0","0","0","0","0","0","0","0","0","0","0","0","0","0","0","0","0","0","0","0","0","0","0","0","0","0","0","0","0","0","0","0","0","0","0","0","0","0","0","0","0","0","0","0","0","0","0","0","0","0","0","0","0","0","0"
"Circular economy and global secondary material supply chains","Velis, Costas A.","","","","WASTE MANAGEMENT & RESEARCH","MAY 2015","2015","33","5","","","","389","391","","10.1177/0734242X15587641","","","0","0.00","0","0","0","0","0","0","0","0","0","0","0","0","0","0","0","0","0","0","0","0","0","0","0","0","0","0","0","0","0","0","0","0","0","0","0","0","0","0","0","0","0","0","0","0","0","0","0","0","0","0","0","0","0","0","0","0","0","0","0","0","0","0","0","0","0","0","0","0","0","0","0","0"
"Circular economy of a papermaking park in China: a case study","Li, Yuzhong; Ma, Chunyuan","","","","JOURNAL OF CLEANER PRODUCTION","APR 1 2015","2015","92","","","","","65","74","","10.1016/j.jclepro.2014.12.098","","","0","0.00","0","0","0","0","0","0","0","0","0","0","0","0","0","0","0","0","0","0","0","0","0","0","0","0","0","0","0","0","0","0","0","0","0","0","0","0","0","0","0","0","0","0","0","0","0","0","0","0","0","0","0","0","0","0","0","0","0","0","0","0","0","0","0","0","0","0","0","0","0","0","0","0"
"Enhancing engagement with community sector organisations working in sustainable waste management: A case study","Dururu, John; Anderson, Craig; Bates, Margaret; Montasser, Waleed; Tudor, Terry","","","","WASTE MANAGEMENT & RESEARCH","MAR 2015","2015","33","3","","","","284","290","","10.1177/0734242X14567504","","","0","0.00","0","0","0","0","0","0","0","0","0","0","0","0","0","0","0","0","0","0","0","0","0","0","0","0","0","0","0","0","0","0","0","0","0","0","0","0","0","0","0","0","0","0","0","0","0","0","0","0","0","0","0","0","0","0","0","0","0","0","0","0","0","0","0","0","0","0","0","0","0","0","0","0"
"How China's Coal Enterprise Shrinks Carbon Emissions: A Case Study of Tashan Circular Economy Park","Li, J.; Wang, F.","","","","ENERGY SOURCES PART A-RECOVERY UTILIZATION AND ENVIRONMENTAL EFFECTS","2015","2015","37","19","","","","2123","2130","","10.1080/15567036.2011.608778","","","0","0.00","0","0","0","0","0","0","0","0","0","0","0","0","0","0","0","0","0","0","0","0","0","0","0","0","0","0","0","0","0","0","0","0","0","0","0","0","0","0","0","0","0","0","0","0","0","0","0","0","0","0","0","0","0","0","0","0","0","0","0","0","0","0","0","0","0","0","0","0","0","0","0","0"
"Prediction of compressive strength of slag concrete using a blended cement hydration model","Xiao-Yong, Wang; Han-Seung, Lee","","","","COMPUTERS AND CONCRETE","SEP 2014","2014","14","3","","","","247","262","","","","","0","0.00","0","0","0","0","0","0","0","0","0","0","0","0","0","0","0","0","0","0","0","0","0","0","0","0","0","0","0","0","0","0","0","0","0","0","0","0","0","0","0","0","0","0","0","0","0","0","0","0","0","0","0","0","0","0","0","0","0","0","0","0","0","0","0","0","0","0","0","0","0","0","0","0"
"Consumption, waste and (un)sustainable development: reflections on the Dutch holiday of Queen's day","Kopnina, Helen","","","","Environment Systems & Decisions","JUN 2014","2014","34","2, Sp. Iss. SI","","","","312","322","","10.1007/s10669-013-9467-0","","","0","0.00","0","0","0","0","0","0","0","0","0","0","0","0","0","0","0","0","0","0","0","0","0","0","0","0","0","0","0","0","0","0","0","0","0","0","0","0","0","0","0","0","0","0","0","0","0","0","0","0","0","0","0","0","0","0","0","0","0","0","0","0","0","0","0","0","0","0","0","0","0","0","0","0"
"Briefing: Reuse and recycling rates of UK steel demolition arisings","Sansom, Michael; Avery, Nicholas","","","","PROCEEDINGS OF THE INSTITUTION OF CIVIL ENGINEERS-ENGINEERING SUSTAINABILITY","JUN 2014","2014","167","3","","","","89","94","","10.1680/ensu.13.00026","","","0","0.00","0","0","0","0","0","0","0","0","0","0","0","0","0","0","0","0","0","0","0","0","0","0","0","0","0","0","0","0","0","0","0","0","0","0","0","0","0","0","0","0","0","0","0","0","0","0","0","0","0","0","0","0","0","0","0","0","0","0","0","0","0","0","0","0","0","0","0","0","0","0","0","0"
"Phosphorus Flow Analysis of Rural Circular Economy System in Japan: A Case Study of Nakasatsunai Village in Hokkaido","Shi Feng","","","","Journal of Ecology and Rural Environment","NOV 25 2013","2013","29","6","","","","695","699","","","","","0","0.00","0","0","0","0","0","0","0","0","0","0","0","0","0","0","0","0","0","0","0","0","0","0","0","0","0","0","0","0","0","0","0","0","0","0","0","0","0","0","0","0","0","0","0","0","0","0","0","0","0","0","0","0","0","0","0","0","0","0","0","0","0","0","0","0","0","0","0","0","0","0","0","0"
"Risk-based management of chemicals and products in a circular economy at a global scale- Impacts of the FP7 funded project RISKCYCLE","Grundmann, Veit; Bilitewski, Bernd; Zehm, Antje; Darbra, Rosa Mari; Barcelo, Damia","","","","Environmental Sciences Europe","2013","2013","25","","","","","1","6","","10.1186/2190-4715-25-14","","","0","0.00","0","0","0","0","0","0","0","0","0","0","0","0","0","0","0","0","0","0","0","0","0","0","0","0","0","0","0","0","0","0","0","0","0","0","0","0","0","0","0","0","0","0","0","0","0","0","0","0","0","0","0","0","0","0","0","0","0","0","0","0","0","0","0","0","0","0","0","0","0","0","0","0"
"A Study on Reverse Logistics Legal system in China : Focusing on E-waste Recovery Legislation.       -  -","","","","","The Journal of International Trade & Commerce. . The Journal of International Trade & Commerce","2013","2013","9","7","","","","597","620","","","","","0","0.00","0","0","0","0","0","0","0","0","0","0","0","0","0","0","0","0","0","0","0","0","0","0","0","0","0","0","0","0","0","0","0","0","0","0","0","0","0","0","0","0","0","0","0","0","0","0","0","0","0","0","0","0","0","0","0","0","0","0","0","0","0","0","0","0","0","0","0","0","0","0","0","0"
"From End-of-Pipe Environmental Protection to Sustainable Production","Stiehl, Christine; Hirth, Thomas","","","","CHEMIE INGENIEUR TECHNIK","JUL 2012","2012","84","7","","","SI","963","968","","10.1002/cite.201200008","","","0","0.00","0","0","0","0","0","0","0","0","0","0","0","0","0","0","0","0","0","0","0","0","0","0","0","0","0","0","0","0","0","0","0","0","0","0","0","0","0","0","0","0","0","0","0","0","0","0","0","0","0","0","0","0","0","0","0","0","0","0","0","0","0","0","0","0","0","0","0","0","0","0","0","0"
"Social Economy Bloc and Community Cooperative Agriculture-A Case on Convergence of Organic Agriculture and  Health Care Consumers Cooperative in Wonju-.   -    -","","","","","THE KOREAN JOURNAL OF COOPERATIVE STUDIES. . THE KOREAN JOURNAL OF COOPERATIVE STUDIES","2011","2011","29","3","","","","1","26","","","","","0","0.00","0","0","0","0","0","0","0","0","0","0","0","0","0","0","0","0","0","0","0","0","0","0","0","0","0","0","0","0","0","0","0","0","0","0","0","0","0","0","0","0","0","0","0","0","0","0","0","0","0","0","0","0","0","0","0","0","0","0","0","0","0","0","0","0","0","0","0","0","0","0","0","0"
"Application of material flow analysis model","Shen Wan-bin; Zhao Tao; Liu Peng; Gao Kai; Lu Hong-jun","","","","Dongbei Shida Xuebao (Ziran Kexue Ban)","MAR 20 2009","2009","41","1","","","","127","132","","","","","0","0.00","0","0","0","0","0","0","0","0","0","0","0","0","0","0","0","0","0","0","0","0","0","0","0","0","0","0","0","0","0","0","0","0","0","0","0","0","0","0","0","0","0","0","0","0","0","0","0","0","0","0","0","0","0","0","0","0","0","0","0","0","0","0","0","0","0","0","0","0","0","0","0","0"
"A Critical Analysis on Korea's Tidelands Policy:Form a Sustainable Development Point of View.     -  ","Moon, Seog-Woong","","","","Environmental and Resource Economics Review. . Environmental and Resource Economics Review","2007","2007","16","3","","","","575","606","","","","","0","0.00","0","0","0","0","0","0","0","0","0","0","0","0","0","0","0","0","0","0","0","0","0","0","0","0","0","0","0","0","0","0","0","0","0","0","0","0","0","0","0","0","0","0","0","0","0","0","0","0","0","0","0","0","0","0","0","0","0","0","0","0","0","0","0","0","0","0","0","0","0","0","0","0"
"Circular economy, an apodictic choice for promoting Chinese economy in the 21(st) century","Wu Zhijie; Zhang Lili","","","","Shengtaixue Zazhi","OCT 2006","2006","25","10","","","","1245","1251","","","","","0","0.00","0","0","0","0","0","0","0","0","0","0","0","0","0","0","0","0","0","0","0","0","0","0","0","0","0","0","0","0","0","0","0","0","0","0","0","0","0","0","0","0","0","0","0","0","0","0","0","0","0","0","0","0","0","0","0","0","0","0","0","0","0","0","0","0","0","0","0","0","0","0","0","0"
